{
  "created_at": "2026-04-25T03:43:11.932753+00:00",
  "data_path": "C:\\work\\teampro\\shipml\\type_anal\\ais_mmsi_incl.csv",
  "target": "shiptype",
  "group_col": "mmsi",
  "group_col_used_as_feature": false,
  "feature_columns": [
    "navigationalstatus",
    "sog",
    "cog",
    "heading",
    "width",
    "length",
    "draught",
    "cog_sin",
    "cog_cos",
    "heading_sin",
    "heading_cos"
  ],
  "split": {
    "method": "StratifiedGroupKFold(n_splits=5)",
    "requested_test_size": 0.2,
    "train_rows": 249627,
    "test_rows": 67168,
    "train_class_counts": {
      "Cargo": 146593,
      "Dredging": 4336,
      "Fishing": 9447,
      "HSC": 14,
      "Law enforcement": 1034,
      "Military": 3377,
      "Passenger": 12370,
      "Pilot": 2426,
      "Pleasure": 46,
      "SAR": 315,
      "Sailing": 115,
      "Tanker": 61977,
      "Towing": 608,
      "Tug": 6969
    },
    "test_class_counts": {
      "Cargo": 39683,
      "Dredging": 471,
      "Fishing": 2846,
      "HSC": 1993,
      "Law enforcement": 74,
      "Military": 1605,
      "Passenger": 3428,
      "Pilot": 583,
      "SAR": 58,
      "Tanker": 15085,
      "Towing": 160,
      "Tug": 1182
    },
    "leakage_check": {
      "train_groups": 2190,
      "test_groups": 544,
      "overlap_groups": 0,
      "overlap_ratio_of_test_groups": 0.0
    }
  },
  "group_split_metrics": [
    {
      "model_name": "random_forest",
      "display_name": "RandomForest",
      "test_accuracy": 0.8453281324440209,
      "macro_f1": 0.7377958881982408,
      "weighted_f1": 0.8403436631819403,
      "classification_report": {
        "Cargo": {
          "precision": 0.8467498628634119,
          "recall": 0.9335735705465816,
          "f1-score": 0.8880445856055612,
          "support": 39683.0
        },
        "Dredging": {
          "precision": 0.4392935982339956,
          "recall": 0.42250530785562634,
          "f1-score": 0.43073593073593075,
          "support": 471.0
        },
        "Fishing": {
          "precision": 0.9621818181818181,
          "recall": 0.9297259311314126,
          "f1-score": 0.9456754824874911,
          "support": 2846.0
        },
        "HSC": {
          "precision": 1.0,
          "recall": 0.9879578524836929,
          "f1-score": 0.993942453306411,
          "support": 1993.0
        },
        "Law enforcement": {
          "precision": 0.859375,
          "recall": 0.7432432432432432,
          "f1-score": 0.7971014492753623,
          "support": 74.0
        },
        "Military": {
          "precision": 0.9853658536585366,
          "recall": 0.7551401869158878,
          "f1-score": 0.855026455026455,
          "support": 1605.0
        },
        "Passenger": {
          "precision": 0.9278510473235065,
          "recall": 0.6977829638273045,
          "f1-score": 0.7965367965367965,
          "support": 3428.0
        },
        "Pilot": {
          "precision": 0.8215297450424929,
          "recall": 0.9948542024013722,
          "f1-score": 0.899922420480993,
          "support": 583.0
        },
        "SAR": {
          "precision": 1.0,
          "recall": 0.5172413793103449,
          "f1-score": 0.6818181818181818,
          "support": 58.0
        },
        "Tanker": {
          "precision": 0.7880816596412926,
          "recall": 0.6320848525024859,
          "f1-score": 0.7015155974102413,
          "support": 15085.0
        },
        "Towing": {
          "precision": 0.0,
          "recall": 0.0,
          "f1-score": 0.0,
          "support": 160.0
        },
        "Tug": {
          "precision": 0.7962830593280915,
          "recall": 0.9424703891708968,
          "f1-score": 0.8632313056954669,
          "support": 1182.0
        },
        "accuracy": 0.8453281324440209,
        "macro avg": {
          "precision": 0.7855593036894288,
          "recall": 0.7130483232824041,
          "f1-score": 0.7377958881982408,
          "support": 67168.0
        },
        "weighted avg": {
          "precision": 0.8446284113840496,
          "recall": 0.8453281324440209,
          "f1-score": 0.8403436631819403,
          "support": 67168.0
        }
      },
      "confusion_matrix": {
        "labels": [
          "Cargo",
          "Dredging",
          "Fishing",
          "HSC",
          "Law enforcement",
          "Military",
          "Passenger",
          "Pilot",
          "SAR",
          "Tanker",
          "Towing",
          "Tug"
        ],
        "note": "See classification_report for per-class metrics."
      }
    },
    {
      "model_name": "xgboost",
      "display_name": "XGBoost",
      "test_accuracy": 0.8022123630300143,
      "macro_f1": 0.53034593354418,
      "weighted_f1": 0.7824588240902521,
      "classification_report": {
        "Cargo": {
          "precision": 0.8051717637666053,
          "recall": 0.914900587153189,
          "f1-score": 0.8565362021374479,
          "support": 39683.0
        },
        "Dredging": {
          "precision": 0.23712948517940718,
          "recall": 0.3227176220806794,
          "f1-score": 0.2733812949640288,
          "support": 471.0
        },
        "Fishing": {
          "precision": 0.958904109589041,
          "recall": 0.9592410400562192,
          "f1-score": 0.9590725452309854,
          "support": 2846.0
        },
        "HSC": {
          "precision": 1.0,
          "recall": 0.023582538886101356,
          "f1-score": 0.04607843137254902,
          "support": 1993.0
        },
        "Law enforcement": {
          "precision": 0.8955223880597015,
          "recall": 0.8108108108108109,
          "f1-score": 0.851063829787234,
          "support": 74.0
        },
        "Military": {
          "precision": 0.9844903988183161,
          "recall": 0.8305295950155763,
          "f1-score": 0.900980060831362,
          "support": 1605.0
        },
        "Passenger": {
          "precision": 0.6885119506553585,
          "recall": 0.2605017502917153,
          "f1-score": 0.377989417989418,
          "support": 3428.0
        },
        "Pilot": {
          "precision": 0.8781725888324873,
          "recall": 0.8902229845626072,
          "f1-score": 0.8841567291311755,
          "support": 583.0
        },
        "Pleasure": {
          "precision": 0.0,
          "recall": 0.0,
          "f1-score": 0.0,
          "support": 0.0
        },
        "SAR": {
          "precision": 1.0,
          "recall": 0.4827586206896552,
          "f1-score": 0.6511627906976745,
          "support": 58.0
        },
        "Sailing": {
          "precision": 0.0,
          "recall": 0.0,
          "f1-score": 0.0,
          "support": 0.0
        },
        "Tanker": {
          "precision": 0.7796523889171697,
          "recall": 0.7107059993370898,
          "f1-score": 0.7435844083784159,
          "support": 15085.0
        },
        "Towing": {
          "precision": 0.0,
          "recall": 0.0,
          "f1-score": 0.0,
          "support": 160.0
        },
        "Tug": {
          "precision": 0.8402457757296466,
          "recall": 0.9255499153976311,
          "f1-score": 0.8808373590982287,
          "support": 1182.0
        },
        "accuracy": 0.8022123630300143,
        "macro avg": {
          "precision": 0.6477000606819809,
          "recall": 0.5093943903058052,
          "f1-score": 0.53034593354418,
          "support": 67168.0
        },
        "weighted avg": {
          "precision": 0.8056836039727814,
          "recall": 0.8022123630300143,
          "f1-score": 0.7824588240902521,
          "support": 67168.0
        }
      },
      "confusion_matrix": {
        "labels": [
          "Cargo",
          "Dredging",
          "Fishing",
          "HSC",
          "Law enforcement",
          "Military",
          "Passenger",
          "Pilot",
          "SAR",
          "Tanker",
          "Towing",
          "Tug"
        ],