{
  "train_data": "C:\\work\\teampro\\shipml\\route_anal\\ais_data_10day.csv",
  "predict_data": "C:\\work\\teampro\\shipml\\route_anal\\ais_data_10day.csv",
  "model_path": "C:\\work\\teampro\\shipml\\route_anal\\ship_anal_model.joblib",
  "clean_train_points": 343714,
  "train_vessels": 3414,
  "predicted_vessels": 3414,
  "route_classes": 12,
  "label_source": "kmeans_signature",
  "classifier_feature_scope": "early_track_only",
  "early_window_hours": 6.0,
  "early_fraction_fallback": 0.35,
  "full_track_features_used_for": [
    "route_labeling",
    "anomaly_distance",
    "reporting_outputs"
  ],
  "metrics": {
    "train_vessels": 3414,
    "route_classes": 12,
    "classifier_feature_scope": "early_track_only",
    "excluded_full_track_features": [
      "point_count",
      "end_lat",
      "end_lon",
      "duration_hours",
      "mean_lat",
      "mean_lon",
      "min_lat",
      "max_lat",
      "min_lon",
      "max_lon",
      "total_distance_km",
      "displacement_km",
      "straightness_ratio"
    ],
    "holdout_accuracy": 0.8506588579795022,
    "holdout_f1_macro": 0.8503716495868235,
    "classification_report": {
      "route_00": {
        "precision": 0.5588235294117647,
        "recall": 0.6129032258064516,
        "f1-score": 0.5846153846153846,
        "support": 31.0
      },
      "route_01": {
        "precision": 0.941747572815534,
        "recall": 0.782258064516129,
        "f1-score": 0.8546255506607929,
        "support": 124.0
      },
      "route_02": {
        "precision": 1.0,
        "recall": 1.0,
        "f1-score": 1.0,
        "support": 28.0
      },
      "route_03": {
        "precision": 0.9302325581395349,
        "recall": 0.975609756097561,
        "f1-score": 0.9523809523809523,
        "support": 41.0
      },
      "route_04": {
        "precision": 0.8783783783783784,
        "recall": 0.9154929577464789,
        "f1-score": 0.896551724137931,
        "support": 71.0
      },
      "route_05": {
        "precision": 0.6666666666666666,
        "recall": 0.9411764705882353,
        "f1-score": 0.7804878048780488,
        "support": 51.0
      },
      "route_06": {
        "precision": 0.7333333333333333,
        "recall": 0.8148148148148148,
        "f1-score": 0.7719298245614035,
        "support": 54.0
      },
      "route_07": {
        "precision": 0.8983050847457628,
        "recall": 0.7794117647058824,
        "f1-score": 0.8346456692913385,
        "support": 68.0
      },
      "route_08": {
        "precision": 0.9111111111111111,
        "recall": 0.9318181818181818,
        "f1-score": 0.9213483146067416,
        "support": 44.0
      },
      "route_09": {
        "precision": 0.8823529411764706,
        "recall": 0.8571428571428571,
        "f1-score": 0.8695652173913043,
        "support": 35.0
      },
      "route_10": {
        "precision": 0.875,
        "recall": 0.875,
        "f1-score": 0.875,
        "support": 64.0
      },
      "route_11": {
        "precision": 0.8955223880597015,
        "recall": 0.8333333333333334,
        "f1-score": 0.8633093525179856,
        "support": 72.0
      },
      "accuracy": 0.8506588579795022,
      "macro avg": {
        "precision": 0.8476227969865215,
        "recall": 0.8599134522141605,
        "f1-score": 0.8503716495868235,
        "support": 683.0
      },
      "weighted avg": {
        "precision": 0.8619886203844107,
        "recall": 0.8506588579795022,
        "f1-score": 0.8523818632299003,
        "support": 683.0
      }
    }
  },
  "strict_route_evaluation": {
    "train_rows": 2731,
    "test_rows": 683,
    "route_classes_train": 12,
    "route_classes_test": 12,
    "accuracy": 0.8257686676427526,
    "macro_f1": 0.830244392478208,
    "classification_report": {
      "route_00": {
        "precision": 0.5846153846153846,
        "recall": 0.8085106382978723,
        "f1-score": 0.6785714285714286,
        "support": 47.0
      },
      "route_01": {
        "precision": 0.8765432098765432,
        "recall": 0.922077922077922,
        "f1-score": 0.8987341772151899,
        "support": 77.0
      },
      "route_02": {
        "precision": 0.87,
        "recall": 0.7837837837837838,
        "f1-score": 0.8246445497630331,
        "support": 111.0
      },
      "route_03": {
        "precision": 1.0,
        "recall": 1.0,
        "f1-score": 1.0,
        "support": 22.0
      },
      "route_04": {
        "precision": 0.875,
        "recall": 0.8,
        "f1-score": 0.835820895522388,
        "support": 70.0
      },
      "route_05": {
        "precision": 0.9642857142857143,
        "recall": 0.9642857142857143,
        "f1-score": 0.9642857142857143,
        "support": 56.0
      },
      "route_06": {
        "precision": 0.9444444444444444,
        "recall": 0.8947368421052632,
        "f1-score": 0.918918918918919,
        "support": 38.0
      },
      "route_07": {
        "precision": 0.6571428571428571,
        "recall": 0.7540983606557377,
        "f1-score": 0.7022900763358778,
        "support": 61.0
      },
      "route_08": {
        "precision": 0.8444444444444444,
        "recall": 0.926829268292683,
        "f1-score": 0.8837209302325582,
        "support": 41.0
      },
      "route_09": {
        "precision": 0.8867924528301887,
        "recall": 0.7704918032786885,
        "f1-score": 0.8245614035087719,
        "support": 61.0
      },
      "route_10": {
        "precision": 0.625,
        "recall": 0.6060606060606061,
        "f1-score": 0.6153846153846154,
        "support": 33.0
      },
      "route_11": {
        "precision": 0.864406779661017,
        "recall": 0.7727272727272727,
        "f1-score": 0.816,
        "support": 66.0
      },
      "accuracy": 0.8257686676427526,
      "macro avg": {
        "precision": 0.8327229406083828,
        "recall": 0.8336335176304619,
        "f1-score": 0.830244392478208,
        "support": 683.0
      },
      "weighted avg": {
        "precision": 0.8362485544868388,
        "recall": 0.8257686676427526,
        "f1-score": 0.8280988376798833,
        "support": 683.0
      }
    },
    "available": true,
    "method": "random_vessel_holdout_train_fold_route_catalog",
    "label_source": "train_fold_kmeans_signature"
  },
  "temporal_route_evaluation": {
    "train_rows": 2731,
    "test_rows": 683,
    "route_classes_train": 12,
    "route_classes_test": 12,
    "accuracy": 0.7379209370424598,
    "macro_f1": 0.736596732392826,
    "classification_report": {
      "route_00": {
        "precision": 0.6078431372549019,
        "recall": 0.5166666666666667,
        "f1-score": 0.5585585585585585,
        "support": 60.0
      },
      "route_01": {
        "precision": 0.796875,
        "recall": 0.6144578313253012,
        "f1-score": 0.6938775510204082,
        "support": 83.0
      },
      "route_02": {
        "precision": 0.8709677419354839,
        "recall": 0.75,
        "f1-score": 0.8059701492537313,
        "support": 36.0
      },
      "route_03": {
        "precision": 0.98,
        "recall": 0.9423076923076923,
        "f1-score": 0.9607843137254902,
        "support": 52.0
      },
      "route_04": {
        "precision": 0.8571428571428571,
        "recall": 0.6,
        "f1-score": 0.7058823529411765,
        "support": 40.0
      },
      "route_05": {
        "precision": 0.7391304347826086,
        "recall": 0.6296296296296297,
        "f1-score": 0.68,
        "support": 27.0
      },
      "route_06": {
        "precision": 0.5585585585585585,
        "recall": 0.8985507246376812,
        "f1-score": 0.6888888888888889,
        "support": 69.0
      },
      "route_07": {
        "precision": 0.5094339622641509,
        "recall": 0.8059701492537313,
        "f1-score": 0.6242774566473989,
        "support": 67.0
      },
      "route_08": {
        "precision": 0.8414634146341463,
        "recall": 0.9078947368421053,
        "f1-score": 0.8734177215189873,
        "support": 76.0
      },